Assumption,Scenario,Trigger,Adaptation,Workstream,Region
Stakeholder alignment with U.S. priorities,Baseline,Responsiveness of APEC stakeholders to U.S. priorities,Proceed with technical dialogues and co-creation efforts as planned,Trade Policy,Southeast Asia
Stakeholder alignment with U.S. priorities,Optimistic,High alignment with U.S. goals,Expand collaboration with aligned economies; increase visibility of U.S.-led initiatives,Trade Policy,Southeast Asia
Stakeholder alignment with U.S. priorities,Pessimistic,Difficulties gaining stakeholder buy-in or moving U.S. priorities forward,Intensify diplomatic engagement; tailor technical assistance; focus on institutional champions; document resistance for follow-up,Trade Policy,Southeast Asia
Political and institutional continuity,Baseline,Stable environment,Maintain current schedule and engagement levels,Economic Governance,Pacific Islands
Political and institutional continuity,Optimistic,Increased institutional cooperation,Strengthen long-term partnerships and deepen policy coordination,Economic Governance,Pacific Islands
Political and institutional continuity,Pessimistic,Instability or disrupted coordination,Shift resources to stable economies; support resilience and contingency planning,Economic Governance,Pacific Islands
Policy and regulatory openness,Baseline,Expected receptivity,Maintain steady reform support and technical assistance,Regulatory Reform,East Asia
Policy and regulatory openness,Optimistic,High receptivity to U.S. policy recommendations,Accelerate pilot reforms and highlight results,Regulatory Reform,East Asia
Policy and regulatory openness,Pessimistic,Declining openness or regulatory pushback,Refocus engagement; seek alternate entry points or incremental reforms; monitor policy resistance,Regulatory Reform,East Asia
Digital and infrastructure readiness,Baseline,Sufficient readiness,Proceed with digital activities as planned,Digital Economy,South Asia
Digital and infrastructure readiness,Optimistic,Expanded digital readiness,Scale virtual engagements; introduce more advanced tools,Digital Economy,South Asia
Digital and infrastructure readiness,Pessimistic,Limited access or resistance to digital platforms,Use hybrid or offline delivery; increase support and training,Digital Economy,South Asia
Responsible local ownership,Baseline,Cost-sharing and local uptake sustained,Continue monitoring and co-planning,Capacity Building,Southeast Asia
Responsible local ownership,Optimistic,High commitment and ownership,Increase handover planning,Capacity Building,Southeast Asia
Responsible local ownership,Pessimistic,Low contribution or interest in uptake,Document gaps; adapt support model; focus on institutional champions,Capacity Building,Southeast Asia
